segment_id,importance,reason,backend,is_reliable,run1_rating,run2_rating
0,5,"Defines the fundamental algorithm (KNN), its type (supervised learning), and its primary application (classification problems).",gemini_multimodal,True,5,
1,4,Explains the core mechanism of KNN: classifying new cases based on similarity to training cases and their neighbors.,gemini_multimodal,True,4,
2,5,"Defines 'K' as a user-defined constant representing the number of nearest neighbors, which is a critical parameter in the KNN algorithm. The visual reinforces this definition.",gemini_multimodal,True,5,
3,4,Explains the decision rule for classification in KNN: assigning the new case to the class with the most representatives among its nearest neighbors.,gemini_multimodal,True,4,
4,1,"A rhetorical question that serves as a transition, not introducing new information.",gemini_multimodal,True,1,
5,2,"Repeats the definition of 'K', which was already covered in segment 2.",gemini_multimodal,True,2,
6,3,"Provides practical guidance on selecting a value for K, noting that there's no formula but 5 is often preferred.",gemini_multimodal,True,3,
7,3,"Explains a critical consideration for choosing K: very low values can be noisy, impacting classification accuracy.",gemini_multimodal,True,3,
8,3,Explains another critical consideration for choosing K: larger values suppress noise but make classification boundaries less distinct.,gemini_multimodal,True,3,
9,5,"Introduces and defines why KNN is called a 'lazy learner' algorithm, a fundamental characteristic of the algorithm. The visual explicitly states the question and the beginning of the answer.",gemini_multimodal,True,5,
10,4,"Continues the explanation of the 'lazy learner' concept by stating that KNN stores the entire dataset, which is a key aspect of lazy learning.",gemini_multimodal,True,4,
11,4,"Completes the explanation of the 'lazy learner' concept by describing how classification occurs only when new data arrives, based on similarity. The visual diagram supports this explanation.",gemini_multimodal,True,4,
12,1,"An introductory statement for the upcoming example, not containing new conceptual information.",gemini_multimodal,True,1,
13,3,"Introduces the dataset for the worked example, specifying the features (height, weight, shirt size). The visual table is crucial for understanding the data context.",gemini_multimodal,True,3,
14,3,States the specific problem to be solved in the example: predicting an unknown shirt size. The visual '?' in the table highlights the unknown.,gemini_multimodal,True,3,
15,2,"Reiterates the objective of using KNN to solve the stated problem, which is a recap of the problem statement.",gemini_multimodal,True,2,
16,1,A transition statement preparing for the visual representation of data points on a graph.,gemini_multimodal,True,1,
17,3,"Explains how the features (weight and height) are mapped to the axes of the graph, which is essential for interpreting the visual data representation.",gemini_multimodal,True,3,
18,4,"Explains the visual representation of the labeled training data on the graph, associating red dots with small shirts and blue dots with medium shirts. The legend is critical here.",gemini_multimodal,True,4,
19,4,"Identifies the new, unlabeled data point (orange dot) on the graph and reiterates the goal of predicting its class. The visual is essential for this identification.",gemini_multimodal,True,4,
20,5,"Introduces the first step of the KNN procedure in the worked example: selecting the value for K, and explicitly sets K=5 for this example. This is a critical procedural step.",gemini_multimodal,True,5,
21,4,"Clarifies the practical implication of K=5, meaning the algorithm will look for the five closest data points, which is crucial for understanding the subsequent steps.",gemini_multimodal,True,4,
22,5,Introduces the second step of the KNN procedure: calculating similarity based on a distance function. This is a fundamental step in the algorithm.,gemini_multimodal,True,5,
23,2,"A general statement about the existence of multiple distance calculation methods, not introducing a specific concept relevant to the example yet.",gemini_multimodal,True,2,
24,4,"Introduces Euclidean distance as the specific method chosen for calculating similarity in this example, which is important for the procedural understanding.",gemini_multimodal,True,4,
25,5,"Explains the Euclidean distance formula and provides a worked calculation example. Despite a slight audio misstatement, the visual formula and calculation are critical for understanding the core mathematical operation of KNN.",gemini_multimodal,True,5,
26,4,"Clarifies which specific data points from the dataset are being used in the provided Euclidean distance calculation example, linking the formula to the data table visually.",gemini_multimodal,True,4,
27,4,"Explains that the distance calculation process is repeated for all training cases, which is essential for understanding the full scope of Step 2.",gemini_multimodal,True,4,
28,5,Introduces the third step of the KNN procedure: identifying the K nearest neighbors based on the calculated distances. This is a critical procedural step.,gemini_multimodal,True,5,
29,4,Explains the method for identifying nearest neighbors: by ranking the calculated distances. The visual table with ranks supports this explanation.,gemini_multimodal,True,4,
30,4,"Further clarifies the ranking process, stating that the smallest distance corresponds to rank one and is considered the nearest neighbor. This detail is important for accurate implementation.",gemini_multimodal,True,4,
31,4,"Presents the result of Step 3 by highlighting the K (5) nearest neighbors in the table, showing which observations are closest to the new case.",gemini_multimodal,True,4,
32,5,Introduces the fourth step of the KNN procedure: counting the number of data points in each category among the K nearest neighbors. This is a critical step leading to classification.,gemini_multimodal,True,5,
33,4,"Visually identifies the K nearest neighbors on the graph using arrows, reinforcing the results of the distance calculation and ranking. This visual confirmation is highly dependent on the graph.",gemini_multimodal,True,4,
34,4,"Provides the specific counts of neighbors for each category (four red, one blue), which is the direct outcome of Step 4 and crucial for the final decision.",gemini_multimodal,True,4,
35,5,"Translates the counts of colored dots into the corresponding shirt sizes (four small, one medium) and introduces the fifth and final step of the KNN procedure. This is a critical transition to the conclusion.",gemini_multimodal,True,5,
36,5,States the final classification rule: assigning the new data point to the category with the maximum number of neighbors. This is the core decision-making principle of KNN.,gemini_multimodal,True,5,
37,3,Reinforces the classification rule by reiterating that the new case is assigned to the class with the most representatives among its nearest neighbors.,gemini_multimodal,True,3,
38,5,"States the final prediction for the worked example (small size shirt) based on the majority vote, concluding the entire KNN classification process. This is the answer to the problem posed.",gemini_multimodal,True,5,
